hoja_vida_id,public,private
133742,0,1
133743,1,1
133746,1,0
133747,1,1
133748,1,0
133749,1,1
133750,0,1
133751,1,1
133752,1,1
133753,1,1
133754,1,1
133755,0,1
133756,0,1
133757,0,1
133758,0,1
133760,1,1
133761,0,1
133762,1,1
133763,1,1
133764,1,1
133765,0,1
133768,0,1
133769,1,1
133770,0,1
133771,0,1
133772,1,1
133773,1,0
133774,1,1
133775,1,1
133776,1,0
133778,1,1
133779,0,1
133781,0,1
133782,1,0
133783,0,1
133784,1,1
133785,0,1
133788,0,1
133789,1,1
133790,1,1
133791,1,0
133792,1,1
133794,1,1
133795,1,0
133796,0,1
133797,0,1
133799,1,1
133800,1,1
133801,1,0
133802,1,1
133803,1,0
133805,1,0
133806,1,1
133808,1,1
133809,1,1
133810,0,1
133811,1,0
133812,1,1
133813,1,0
133815,1,0
133816,0,1
133817,1,1
133818,0,1
133819,1,0
133820,1,1
133821,1,1
133822,1,0
133824,0,1
133825,1,0
133826,1,1
133828,1,1
133829,1,1
133831,1,1
133832,1,1
133833,1,1
133834,1,1
133835,1,1
133836,0,1
133837,1,1
133838,1,1
133839,0,1
133840,1,1
133841,0,1
133842,0,1
133843,1,1
133844,1,1
133845,0,1
133846,0,1
133847,1,0
133848,1,1
133850,1,1
133851,1,1
133852,1,0
133853,1,1
133854,0,1
133855,1,0
133856,0,1
133858,0,1
133861,1,0
133862,0,1
133863,0,1
133864,0,1
133865,0,1
133867,0,1
133869,1,0
133870,0,1
133871,0,1
133872,0,1
133873,1,1
133875,1,1
133876,1,1
133877,0,1
133878,1,1
133879,0,1
133882,0,1
133883,1,1
133884,0,1
133885,0,1
133886,0,1
133888,0,1
133889,0,1
133890,1,0
133891,0,1
133893,0,1
133894,0,1
133895,1,1
133897,1,1
133898,1,1
133900,0,1
133901,1,1
133902,0,1
133903,1,1
133907,1,1
133908,0,1
133909,0,1
133911,1,1
133912,1,1
133913,1,1
133914,1,0
133915,0,1
133916,1,0
133917,1,0
133920,0,1
133921,1,1
133923,1,0
133924,1,0
133926,1,1
133927,0,1
133931,0,1
133932,0,1
133933,1,0
133936,1,1
133937,0,1
133940,0,1
133941,0,1
133942,1,1
133943,0,1
133945,1,1
133946,0,1
133947,1,0
133949,1,1
133950,1,1
133951,1,0
133953,1,1
133954,0,1
133955,1,0
133956,0,1
133957,1,1
133958,1,1
133959,0,1
133960,1,1
133961,1,1
133963,0,1
133964,1,0
133965,0,1
133966,1,0
133967,1,1
133968,0,1
133969,1,0
133970,1,0
133971,0,1
133972,1,0
133973,1,1
133974,0,1
133975,1,0
133976,1,0
133977,1,1
133979,1,0
133980,0,1
133981,1,1
133982,1,0
133983,0,1
133984,0,1
133985,1,1
133986,1,0
133988,1,1
133989,1,1
133991,0,1
133992,1,0
133993,1,0
133994,1,1
133995,1,1
133996,0,1
133997,1,1
133999,0,1
134000,0,1
134001,1,1
134002,0,1
134003,1,1
134004,0,1
134005,1,1
134006,0,1
134007,0,1
134009,0,1
134010,1,0
134011,1,1
134013,1,1
134014,0,1
134015,0,1
134017,1,1
134018,0,1
134019,1,0
134021,0,1
134022,1,1
134024,0,1
134025,1,0
134027,1,0
134028,1,0
134029,0,1
134030,0,1
134031,0,1
134032,0,1
134033,0,1
134034,0,1
134035,0,1
134036,0,1
134038,1,0
134039,1,1
134040,0,1
134041,1,1
134042,0,1
134043,1,1
134046,0,1
134047,0,1
134048,0,1
134049,0,1
134050,1,1
134054,1,0
134055,0,1
134056,0,1
134057,1,1
134058,1,1
134059,0,1
134060,0,1
134064,1,1
134065,1,1
134066,1,0
134067,0,1
134068,1,0
134069,0,1
134071,0,1
134072,0,1
134074,0,1
134075,1,0
134076,0,1
134077,1,0
134078,0,1
134079,0,1
134080,0,1
134081,1,1
134082,0,1
134083,1,0
134084,1,1
134085,0,1
134087,0,1
134089,1,1
134090,0,1
134091,0,1
134093,0,1
134095,1,1
134096,0,1
134097,1,1
134098,1,1
134100,1,1
134101,1,0
134102,1,1
134103,1,1
134104,0,1
134105,0,1
134106,0,1
134107,1,1
134109,1,1
134111,1,1
134112,1,0
134118,0,1
134119,0,1
134120,0,1
134121,0,1
134122,1,1
134123,0,1
134124,1,0
134125,1,0
134126,0,1
134127,1,1
134128,0,1
134129,0,1
134130,0,1
134131,1,1
134132,1,1
134133,0,1
134134,0,1
134135,0,1
134137,0,1
134138,1,0
134139,1,0
134140,1,1
134143,1,0
134144,1,1
134148,1,1
134149,0,1
134152,0,1
134153,0,1
134154,0,1
134155,0,1
134156,0,1
134157,0,1
134158,0,1
134161,1,1
134162,0,1
134163,1,1
134164,1,1
134165,0,1
134166,1,1
134167,1,1
134168,0,1
134169,1,1
134170,0,1
134171,0,1
134172,0,1
134173,0,1
134177,1,1
134180,1,1
134181,1,1
134182,0,1
134183,0,1
134184,0,1
134185,1,0
134186,1,1
134187,1,1
134188,0,1
134189,0,1
134190,0,1
134191,1,1
134193,1,0
134194,0,1
134195,0,1
134196,1,0
134197,0,1
134198,0,1
134199,1,1
134200,0,1
134201,1,0
134203,0,1
134204,0,1
134205,1,1
134208,0,1
134211,1,1
134212,1,1
134213,1,1
134214,1,1
134216,0,1
134217,1,0
134220,0,1
134221,1,0
134222,1,1
134223,0,1
134224,1,1
134225,0,1
134226,1,1
134228,0,1
134230,1,1
134231,0,1
134232,1,1
134234,0,1
134235,1,0
134237,0,1
134238,1,0
134240,1,1
134241,0,1
134245,0,1
134246,1,1
134247,0,1
134248,0,1
134249,1,1
134252,1,1
134253,1,1
134254,1,1
134256,1,0
134257,0,1
134259,1,0
134260,1,0
134261,0,1
134262,0,1
134263,1,1
134265,0,1
134267,0,1
134268,0,1
134270,1,1
134271,1,1
134272,1,1
134273,1,1
134275,0,1
134276,0,1
134277,0,1
134278,1,1
134280,0,1
134283,1,1
134284,1,1
134285,0,1
134286,1,0
134287,0,1
134289,1,0
134290,1,0
134294,0,1
134299,0,1
134300,0,1
134301,1,0
134302,1,1
134304,0,1
134305,0,1
134309,1,1
134310,0,1
134311,0,1
134312,0,1
134313,0,1
134314,0,1
134315,1,1
134316,1,0
134317,0,1
134318,0,1
134319,0,1
134320,0,1
134321,1,1
134322,1,0
134323,0,1
134324,0,1
134325,1,0
134326,1,0
134328,1,1
134329,1,1
134332,0,1
134333,1,1
134334,0,1
134335,1,0
134336,0,1
134337,1,1
134338,0,1
134340,0,1
134341,0,1
134342,1,1
134343,1,0
134344,0,1
134345,0,1
134347,1,0
134348,0,1
134349,1,1
134351,1,0
134353,1,1
134354,1,1
134355,1,0
134356,1,1
134357,0,1
134358,1,1
134359,1,1
134360,0,1
134361,0,1
134362,0,1
134363,1,0
134364,1,1
134365,1,0
134366,0,1
134367,1,1
134368,0,1
134369,0,1
134371,0,1
134372,1,1
134373,1,1
134374,0,1
134375,1,0
134377,1,1
134379,0,1
134381,1,1
134382,1,1
134383,1,1
134384,0,1
134385,1,1
134387,1,0
134388,1,1
134390,0,1
134392,0,1
134394,1,1
134396,0,1
134397,0,1
134398,0,1
134402,1,0
134405,0,1
134407,0,1
134408,0,1
134410,0,1
134411,1,0
134412,0,1
134414,0,1
134418,0,1
134419,1,0
134421,1,1
134422,0,1
134426,1,1
134427,1,1
134428,0,1
134430,1,1
134431,1,0
134432,0,1
134435,0,1
134437,0,1
134439,0,1
134440,0,1
134445,0,1
134446,1,0
134447,0,1
134448,0,1
134453,1,1
134454,1,0
134458,0,1
134459,1,0
134460,1,1
134462,0,1
134464,1,1
134465,0,1
134466,0,1
134467,1,0
134468,1,0
134469,0,1
134472,0,1
134473,1,0
134474,0,1
134479,0,1
134480,0,1
134483,1,0
134484,1,0
134487,0,1
134488,1,0
134489,1,1
134493,0,1
134495,1,0
134496,1,1
134497,1,1
134499,0,1
134500,1,0
134502,1,0
134503,1,0
134504,1,1
134505,1,1
134506,1,1
134507,1,1
134509,1,0
134511,1,1
134512,0,1
134513,0,1
134514,1,0
134515,0,1
134517,0,1
134519,1,1
134520,0,1
134523,1,1
134524,0,1
134525,1,0
134526,0,1
134527,1,1
134529,0,1
134530,0,1
134532,0,1
134534,0,1
134535,0,1
134537,0,1
134539,0,1
134540,0,1
134541,0,1
134543,1,0
134544,0,1
134545,0,1
134547,0,1
134548,1,1
134550,0,1
134552,0,1
134553,0,1
134554,0,1
134555,0,1
134556,0,1
134557,1,1
134558,0,1
134559,1,0
134561,1,1
134562,0,1
134564,1,0
134565,0,1
134566,1,0
134567,1,0
134568,1,0
134570,1,1
134571,0,1
134572,0,1
134573,0,1
134574,0,1
134576,0,1
134579,0,1
134580,1,1
134581,0,1
134583,0,1
134587,1,0
134588,1,1
134590,0,1
134595,0,1
134596,0,1
134599,1,0
134602,1,1
134604,1,0
134605,0,1
134607,1,1
134608,0,1
134609,1,1
134611,0,1
134613,1,1
134614,1,0
134615,1,0
134616,1,0
134617,0,1
134619,0,1
134620,1,1
134623,1,0
134624,1,1
134625,0,1
134628,0,1
134629,0,1
134630,1,1
134631,0,1
134632,1,1
134633,1,1
134635,0,1
134636,0,1
134637,0,1
134639,1,1
134640,0,1
134641,0,1
134642,1,1
134643,0,1
134646,1,1
134648,0,1
134650,0,1
134652,1,1
134653,1,1
134654,1,1
134655,1,1
134656,0,1
134657,0,1
134658,0,1
134660,1,1
134662,1,1
134663,1,1
134664,1,0
134665,1,1
134666,1,1
134668,1,0
134670,1,0
134672,1,1
134674,1,1
134679,1,0
134682,0,1
134683,0,1
134684,0,1
134685,0,1
134687,0,1
134688,1,1
134689,0,1
134690,0,1
134692,0,1
134693,1,0
134694,1,0
134697,0,1
134698,0,1
134700,1,0
134701,1,0
134702,0,1
134704,0,1
134705,1,1
134706,0,1
134707,1,1
134710,1,1
134712,0,1
134713,0,1
134714,0,1
134715,1,1
134717,0,1
134718,0,1
134719,1,1
134720,1,1
134724,1,1
134727,1,1
134729,1,1
134730,0,1
134731,0,1
134734,1,1
134736,1,0
134737,0,1
134738,0,1
134739,1,0
134740,1,1
134741,0,1
134742,1,1
134743,1,1
134744,0,1
134745,0,1
134746,0,1
134747,1,0
134749,0,1
134756,1,1
134757,0,1
134759,0,1
134761,0,1
134763,0,1
134764,1,0
134766,0,1
134767,1,1
134769,1,1
134770,0,1
134771,0,1
134772,0,1
134773,1,0
134776,1,1
134778,0,1
134779,1,1
134780,1,1
134783,0,1
134788,1,0
134789,1,0
134790,1,1
134791,1,1
134792,1,1
134793,1,1
134794,1,1
134795,1,1
134796,1,1
134797,0,1
134798,1,1
134799,1,1
134801,1,1
134802,0,1
134804,1,1
134805,1,1
134806,0,1
134807,0,1
134808,1,1
134810,0,1
134813,1,1
134814,0,1
134815,1,0
134817,0,1
134818,1,1
134819,1,1
134820,0,1
134822,1,1
134823,0,1
134824,1,1
134825,1,0
134826,1,1
134827,1,0
134829,0,1
134830,1,1
134831,0,1
134832,1,0
134833,1,1
134834,1,1
134835,1,1
134836,0,1
134837,0,1
134839,0,1
134840,0,1
134841,1,0
134843,1,0
134844,1,1
134845,0,1
134846,1,0
134847,0,1
134848,1,0
134849,1,1
134850,1,1
134852,0,1
134853,1,1
134854,0,1
134855,0,1
134856,1,0
134857,1,1
134861,1,1
134863,0,1
134865,0,1
134867,0,1
134869,1,1
134870,1,1
134871,1,0
134872,0,1
134873,0,1
134874,1,1
134875,1,1
134877,0,1
134878,0,1
134879,1,1
134880,1,1
134881,0,1
134883,1,0
134884,1,1
134885,0,1
134886,1,1
134887,0,1
134888,1,0
134889,1,1
134890,0,1
134891,1,0
134892,1,1
134893,1,0
134895,1,1
134897,1,0
134898,0,1
134899,0,1
134900,0,1
134901,1,1
134902,1,1
134903,1,1
134904,0,1
134905,0,1
134906,0,1
134907,1,1
134908,0,1
134909,0,1
134910,1,1
134911,0,1
134912,1,0
134913,0,1
134915,0,1
134916,1,1
134917,1,1
134918,0,1
134919,0,1
134920,1,1
134921,1,1
134923,1,1
134924,0,1
134925,0,1
134927,0,1
134928,1,0
134929,1,1
134930,0,1
134932,1,0
134933,0,1
134934,0,1
134935,1,1
134937,1,0
134939,1,1
134940,0,1
134942,1,1
134943,0,1
134944,1,1
134945,0,1
134946,1,0
134948,1,0
134950,1,1
134952,0,1
134954,0,1
134955,1,0
134956,0,1
134958,1,0
134959,0,1
134960,1,1
134961,0,1
134962,0,1
134963,1,0
134964,1,1
134965,0,1
134968,0,1
134969,1,1
134970,1,1
134972,1,1
134974,0,1
134975,0,1
134976,1,1
134977,0,1
134979,1,0
134980,1,1
134982,1,1
134983,1,1
134984,1,1
134988,1,1
134989,1,1
134990,1,1
134992,0,1
134993,0,1
134994,0,1
134997,1,1
134999,1,1
135000,1,0
135001,1,1
135003,0,1
135005,1,1
135010,0,1
135011,1,1
135012,1,1
135014,1,1
135015,0,1
135016,0,1
135017,1,1
135018,1,0
135019,0,1
135020,0,1
135021,0,1
135022,1,1
135024,1,0
135025,1,1
135027,0,1
135029,0,1
135030,1,1
135031,0,1
135032,1,1
135035,1,1
135036,1,1
135038,0,1
135041,0,1
135042,0,1
135044,0,1
135045,1,0
135046,1,1
135048,0,1
135049,1,1
135050,0,1
135053,0,1
135054,0,1
135055,0,1
135057,1,0
135063,1,1
135065,1,1
135067,1,0
135068,0,1
135069,1,1
135070,1,1
135071,1,1
135072,0,1
135073,0,1
135074,1,1
135076,0,1
135077,0,1
135079,0,1
135080,1,1
135081,0,1
135082,1,1
135083,0,1
135084,1,1
135085,0,1
135087,0,1
135088,0,1
135091,1,1
135092,1,0
135093,0,1
135094,1,0
135096,1,0
135098,0,1
135099,1,1
135102,0,1
135103,1,1
135104,0,1
135105,0,1
135107,1,1
135110,0,1
135111,1,1
135112,1,1
135114,0,1
135116,1,0
135117,0,1
135118,1,0
135121,1,0
135123,1,1
135125,0,1
135127,0,1
135128,0,1
135129,0,1
135130,1,1
135134,0,1
135139,1,0
135141,1,0
135143,1,0
135145,0,1
135146,1,1
135149,1,0
135150,0,1
135152,1,1
135153,1,0
135154,0,1
135155,0,1
135156,1,0
135157,1,1
135159,1,1
135160,1,1
135161,1,1
135162,0,1
135163,1,1
135164,0,1
135165,1,1
135166,0,1
135168,0,1
135169,1,1
135170,1,1
135171,1,1
135174,0,1
135176,1,1
135177,0,1
135179,1,0
135180,0,1
135181,1,0
135182,0,1
135183,0,1
135185,1,1
135186,1,1
135187,1,1
135188,1,1
135189,1,0
135190,0,1
135191,0,1
135192,1,1
135194,0,1
135195,1,1
135196,0,1
135197,1,1
135199,1,1
135201,0,1
135202,1,1
135203,1,0
135204,1,1
135205,1,0
135206,1,1
135209,1,0
135210,0,1
135211,0,1
135212,0,1
135214,1,1
135216,0,1
135218,1,0
135220,1,0
135221,0,1
135226,1,0
135227,1,1
135229,0,1
135230,0,1
135231,0,1
135232,1,1
135233,0,1
135234,1,0
135235,0,1
135238,0,1
135243,1,0
135245,1,0
135246,0,1
135247,0,1
135248,0,1
135249,0,1
135250,1,1
135251,0,1
135252,1,1
135253,0,1
135254,0,1
135255,0,1
135257,1,0
135258,0,1
135259,1,1
135260,0,1
135261,0,1
135262,0,1
135263,1,1
135264,0,1
135266,0,1
135267,1,1
135268,1,0
135270,0,1
135271,1,0
135272,1,1
135273,1,1
135274,1,1
135275,0,1
135276,1,1
135278,1,0
135279,0,1
135282,1,0
135283,1,1
135284,1,1
135285,0,1
135286,0,1
135288,0,1
135289,1,1
135292,1,0
135293,1,1
135294,0,1
135300,0,1
135301,0,1
135302,1,0
135303,0,1
135305,1,0
135306,1,1
135308,1,1
135309,0,1
135310,1,0
135312,0,1
135313,0,1
135317,1,1
135318,0,1
135320,0,1
135321,0,1
135323,1,1
135324,1,1
135328,1,1
135331,1,0
135333,1,1
135335,0,1
135337,0,1
135340,0,1
135341,1,1
135343,1,0
135345,1,1
135346,1,1
135348,1,1
135351,0,1
135352,0,1
135353,1,1
135355,1,1
135357,1,1
135358,0,1
135359,1,0
135360,1,1
135361,0,1
135363,1,0
135364,1,1
135367,1,1
135368,1,0
135369,0,1
135371,1,0
135372,0,1
135373,1,1
135374,1,1
135375,0,1
135376,1,0
135377,1,1
135382,0,1
135383,0,1
135386,0,1
135388,1,0
135389,1,0
135390,0,1
135391,0,1
135392,0,1
135393,1,0
135395,1,0
135397,0,1
135398,1,0
135401,1,0
135403,0,1
135404,1,0
135405,0,1
135406,1,0
135407,0,1
135412,1,1
135413,0,1
135414,1,1
135415,0,1
135416,1,0
135417,1,1
135419,1,1
135420,0,1
135421,1,1
135422,1,0
135424,1,1
135425,1,1
135426,1,0
135427,1,1
135430,1,0
135431,1,1
135432,0,1
135434,1,1
135436,0,1
135437,0,1
135438,0,1
135439,1,1
135440,0,1
135441,1,1
135442,1,1
135443,0,1
135446,1,0
135447,0,1
135449,0,1
135450,1,0
135452,1,1
135453,0,1
135455,1,0
135457,0,1
135458,1,1
135460,0,1
135464,0,1
135465,0,1
135466,1,1
135467,0,1
135469,0,1
135470,0,1
135474,1,1
135476,1,1
135477,0,1
135478,0,1
135480,0,1
135481,0,1
135482,0,1
135484,0,1
135486,1,1
135487,0,1
135488,1,1
135489,1,1
135490,1,0
135491,1,0
135492,0,1
135493,1,1
135494,0,1
135495,1,1
135497,0,1
135500,0,1
135501,0,1
135502,1,0
135503,0,1
135505,0,1
135507,0,1
135508,1,1
135509,0,1
135512,0,1
135513,1,0
135514,0,1
135516,0,1
135518,1,0
135519,0,1
135520,0,1
135521,1,1
135522,1,1
135524,0,1
135525,1,0
135526,1,1
135529,1,1
135532,0,1
135534,0,1
135536,0,1
135537,0,1
135540,0,1
135543,1,1
135546,0,1
135547,0,1
135549,0,1
135550,1,1
135551,0,1
135553,0,1
135555,0,1
135556,0,1
135558,1,1
135560,0,1
135561,0,1
135562,0,1
135563,1,1
135564,0,1
135565,1,0
135567,1,1
135569,0,1
135570,0,1
135572,1,0
135573,0,1
135574,1,1
135575,1,0
135576,1,1
135577,0,1
135578,0,1
135579,1,1
135582,1,1
135583,1,1
135588,0,1
135590,1,1
135591,0,1
135592,1,1
135593,0,1
135595,1,1
135596,1,1
135598,1,0
135599,1,1
135600,1,1
135601,0,1
135603,0,1
135605,1,1
135606,0,1
135607,1,1
135608,1,1
135609,1,1
135610,0,1
135611,1,1
135612,0,1
135614,0,1
135615,0,1
135617,1,1
135618,1,0
135622,1,0
135623,0,1
135624,1,1
135626,1,0
135628,0,1
135629,1,1
135630,1,1
135631,1,1
135632,1,1
135633,0,1
135634,1,0
135637,0,1
135640,1,1
135641,1,1
135642,1,0
135643,1,1
135644,0,1
135645,0,1
135646,0,1
135647,0,1
135648,0,1
135649,1,1
135650,1,1
135651,0,1
135653,1,1
135654,0,1
135655,0,1
135657,1,0
135659,1,1
135660,1,1
135662,0,1
135663,1,1
135665,1,1
135667,0,1
135668,1,1
135669,0,1
135670,0,1
135671,1,0
135672,0,1
135673,0,1
135674,0,1
135675,1,1
135677,0,1
135678,1,0
135679,1,0
135680,1,1
135681,0,1
135682,1,1
135683,1,1
135684,1,1
135685,0,1
135686,1,1
135687,1,1
135688,0,1
135689,0,1
135692,1,1
135693,0,1
135694,1,1
135695,1,1
135696,1,0
135698,1,1
135699,0,1
135700,0,1
135701,1,1
135702,0,1
135703,0,1
135705,1,1
135707,0,1
135708,0,1
135710,0,1
135711,0,1
135712,1,1
135713,1,1
135714,0,1
135718,1,0
135720,0,1
135721,1,0
135723,0,1
135725,1,1
135729,1,1
135730,1,1
135734,1,0
135736,1,1
135737,1,0
135738,1,1
135739,1,0
135740,1,1
135741,1,1
135742,1,1
135744,1,1
135746,1,1
135749,1,1
135750,1,1
135751,0,1
135752,0,1
135758,1,1
135759,1,1
135760,0,1
135761,1,1
135762,0,1
135765,0,1
135766,1,1
135767,1,0
135769,0,1
135772,0,1
135774,1,1
135776,0,1
135777,0,1
135779,0,1
135781,0,1
135783,1,0
135784,1,0
135788,1,1
135789,0,1
135792,0,1
135794,1,1
135798,1,1
135799,1,0
135800,1,1
135801,0,1
135803,0,1
135805,1,1
135808,0,1
135810,1,0
135811,1,1
135813,1,0
135815,0,1
135817,1,1
135818,1,0
135819,1,0
135820,0,1
135823,1,1
135824,1,0
135825,1,1
135829,0,1
135830,0,1
135832,0,1
135834,1,1
135836,1,1
135839,0,1
135841,0,1
135842,0,1
135844,0,1
135845,0,1
135849,0,1
135853,1,0
135858,1,1
135862,1,0
135863,0,1
135864,1,1
135865,0,1
135866,1,1
135867,0,1
135868,1,1
135869,1,0
135872,0,1
135873,0,1
135876,1,1
135877,1,0
135880,1,1
135883,1,0
135884,1,1
135885,0,1
135887,0,1
135888,1,1
135889,0,1
135892,1,1
135893,0,1
135896,0,1
135897,0,1
135904,1,1
135905,0,1
135908,0,1
135909,0,1
135912,1,1
135913,1,1
135915,0,1
135916,0,1
135918,0,1
135919,0,1
135922,1,0
135923,0,1
135924,1,1
135925,1,1
135926,0,1
135927,1,0
135929,0,1
135930,1,1
135931,1,0
135932,1,1
135937,0,1
135938,0,1
135944,0,1
135946,1,1
135950,1,1
135951,0,1
135953,0,1
135954,1,0
135955,0,1
135956,0,1
135958,1,0
135959,1,1
135960,0,1
135961,0,1
135963,0,1
135967,0,1
135968,0,1
135970,0,1
135972,0,1
135973,1,1
135974,1,0
135976,0,1
135978,0,1
135981,1,1
135982,0,1
135983,1,1
135985,1,1
135986,1,1
135988,0,1
135989,1,1
135990,1,1
135991,1,0
135992,0,1
135996,1,0
135997,0,1
135998,1,1
136001,0,1
136003,1,1
136004,1,1
136005,1,0
136007,1,1
136009,0,1
136010,0,1
136011,1,0
136013,0,1
136014,0,1
136015,0,1
136016,0,1
136018,0,1
136019,1,1
136020,1,1
136021,1,0
136023,0,1
136024,1,0
136025,1,1
136026,0,1
136027,0,1
136028,1,1
136030,0,1
136031,0,1
136032,1,1
136033,0,1
136034,0,1
136035,1,1
136036,1,1
136038,1,1
136039,0,1
136040,1,0
136041,1,1
136042,0,1
136043,0,1
136044,1,1
136046,1,1
136047,0,1
136048,1,1
136050,1,1
136051,0,1
136052,1,0
136053,1,0
136054,0,1
136056,1,0
136057,0,1
136058,0,1
136059,1,1
136060,0,1
136061,1,1
136063,0,1
136064,1,1
136065,0,1
136067,0,1
136068,0,1
136070,0,1
136071,1,0
136072,0,1
136073,1,0
136074,0,1
136077,0,1
136078,1,1
136082,0,1
136083,1,0
136084,1,1
136085,1,1
136086,1,1
136087,1,0
136088,1,1
136089,0,1
136090,1,0
136091,1,0
136092,0,1
136093,0,1
136094,0,1
136097,1,1
136098,1,0
136100,1,1
136101,0,1
136102,1,1
136103,1,1
136105,1,0
136106,1,0
136107,0,1
136109,0,1
136110,0,1
136113,0,1
136114,0,1
136115,0,1
136117,0,1
136118,1,1
136119,1,0
136120,1,1
136121,0,1
136122,1,0
136123,1,1
136124,0,1
136125,1,1
136126,1,0
136128,1,1
136129,0,1
136130,1,1
136132,1,0
136133,0,1
136135,1,0
136143,0,1
136144,0,1
136147,1,1
136148,1,0
136149,1,1
136150,1,1
136151,1,1
136152,0,1
136153,1,1
136154,1,1
136156,1,1
136159,1,1
136161,1,1
136163,1,0
136164,1,0
136165,0,1
136166,0,1
136167,0,1
136168,0,1
136171,1,1
136172,0,1
136175,1,1
136177,1,1
136179,1,0
136180,0,1
136181,1,1
136182,0,1
136186,0,1
136188,0,1
136190,0,1
136192,0,1
136193,1,0
136194,0,1
136199,1,1
136200,0,1
136201,0,1
136203,1,1
136205,0,1
136207,1,0
136209,0,1
136212,1,1
136213,1,1
136215,1,0
136217,0,1
136219,0,1
136220,0,1
136223,1,0
136225,1,1
136232,1,1
136233,1,1
136234,1,1
136235,0,1
136238,1,0
136239,1,1
136240,0,1
136241,1,0
136242,1,0
136243,0,1
136244,1,1
136245,1,1
136247,1,0
136249,1,1
136250,0,1
136252,0,1
136253,0,1
136256,0,1
136258,1,1
136259,0,1
136260,1,1
136261,1,0
136262,1,0
136263,1,1
136265,0,1
136267,1,1
136270,0,1
136271,0,1
136273,1,0
136281,1,1
136282,1,1
136284,0,1
136287,0,1
136288,0,1
136291,1,1
136292,0,1
136293,1,1
136295,0,1
136296,0,1
136300,0,1
136303,1,1
136305,1,0
136309,0,1
136310,1,0
136311,1,1
136312,1,1
136314,1,0
136315,0,1
136316,1,1
136317,0,1
136318,0,1
136320,0,1
136323,0,1
136324,1,0
136329,1,0
136330,1,1
136332,1,1
136334,0,1
136337,0,1
136338,1,0
136341,1,1
136343,1,1
136344,1,1
136345,0,1
136346,1,1
136348,1,0
136349,1,1
136350,0,1
136351,1,0
136353,1,1
136354,1,0
136355,0,1
136356,1,1
136357,1,1
136358,1,1
136361,0,1
136363,0,1
136366,1,0
136367,0,1
136368,1,0
136369,0,1
136372,0,1
136373,1,1
136375,1,1
136376,0,1
136377,1,0
136380,0,1
136382,0,1
136385,0,1
136386,0,1
136389,0,1
136390,1,1
136392,0,1
136393,1,1
136394,1,0
136395,0,1
136396,1,0
136398,1,1
136402,0,1
136405,0,1
136408,1,1
136409,1,1
136410,1,1
136411,1,1
136413,1,1
136414,1,1
136415,1,0
136416,0,1
136417,0,1
136418,0,1
136419,1,1
136421,1,0
136422,0,1
136423,1,1
136425,0,1
136426,1,1
136427,1,1
136428,1,1
136430,1,0
136431,1,1
136433,0,1
136435,1,1
136436,1,0
136439,1,0
136441,1,0
136442,1,0
136444,0,1
136446,1,0
136447,1,0
136448,0,1
136449,0,1
136450,1,1
136451,0,1
136453,1,1
136457,1,0
136463,0,1
136464,1,1
136466,1,1
136468,1,1
136469,1,0
136470,0,1
136472,1,1
136473,1,0
136474,0,1
136475,1,1
136476,0,1
136477,1,0
136478,0,1
136479,0,1
136480,0,1
136481,0,1
136483,0,1
136484,0,1
136485,1,1
136486,1,1
136487,1,0
136488,1,1
136490,0,1
136491,1,1
136492,1,1
136493,1,0
136495,0,1
136496,1,1
136498,0,1
136499,0,1
136500,0,1
136502,0,1
136503,1,0
136505,1,1
136506,0,1
136509,1,1
136510,1,0
136511,1,1
136512,1,1
136515,1,0
136519,0,1
136521,1,0
136522,0,1
136523,1,1
136524,1,0
136525,1,0
136526,0,1
136527,1,1
136528,0,1
136530,1,0
136531,0,1
136532,1,1
136533,1,0
136534,0,1
136535,1,1
136537,1,1
136538,1,1
136539,1,1
136540,1,1
136543,1,0
136544,0,1
136545,1,1
136546,1,1
136547,0,1
136549,1,1
136550,1,1
136552,0,1
136553,0,1
136554,0,1
136555,0,1
136557,0,1
136558,0,1
136559,0,1
136560,1,0
136561,0,1
136562,0,1
136564,0,1
136570,0,1
136571,0,1
136574,0,1
136575,1,0
136576,1,1
136578,0,1
136579,1,1
136583,0,1
136585,0,1
136587,0,1
136588,0,1
136589,0,1
136590,1,1
136591,1,1
136592,1,1
136595,0,1
136597,1,1
136598,0,1
136602,0,1
136603,1,1
136605,1,1
136608,0,1
136609,1,1
136612,1,1
136613,0,1
136617,1,1
136618,1,1
136620,1,0
136621,0,1
136622,0,1
136623,1,0
136624,0,1
136626,1,1
136627,0,1
136630,0,1
136631,1,0
136632,1,0
136633,1,1
136635,1,0
136639,1,1
136640,0,1
136644,0,1
136646,1,0
136654,0,1
136655,1,1
136656,1,1
136658,1,0
136659,1,0
136660,0,1
136662,1,1
136663,0,1
136664,1,0
136665,1,1
136666,0,1
136667,1,0
136669,0,1
136670,0,1
136671,1,0
136672,0,1
136674,1,1
136675,1,0
136676,1,0
136680,1,0
136681,1,0
136682,0,1
136683,1,1
136685,1,1
136686,1,1
136687,1,1
136688,1,1
136689,1,1
136690,0,1
136693,1,1
136694,0,1
136695,1,0
136696,0,1
136698,1,1
136699,0,1
136700,1,1
136701,0,1
136702,1,1
136704,0,1
136705,0,1
136706,0,1
136707,0,1
136709,1,1
136710,0,1
136713,1,0
136716,1,0
136717,1,0
136718,1,0
136721,1,1
136723,1,1
136729,1,0
136730,1,0
136733,1,1
136734,0,1
136735,0,1
136736,0,1
136737,1,1
136738,1,0
136741,0,1
136742,1,0
136743,0,1
136744,1,1
136745,0,1
136746,1,1
136748,1,0
136749,0,1
136750,1,0
136754,0,1
136755,1,1
136758,0,1
136759,0,1
136761,1,1
136762,0,1
136763,0,1
136764,1,0
136767,0,1
136769,1,1
136770,1,1
136772,0,1
136773,0,1
136774,1,1
136775,0,1
136777,1,0
136779,0,1
136782,1,1
136784,0,1
136785,1,1
136786,1,1
136787,0,1
136788,1,0
136789,1,0
136790,1,0
136791,1,0
136792,0,1
136793,0,1
136796,1,1
136797,0,1
136798,0,1
136799,1,1
136801,0,1
136803,0,1
136811,0,1
136812,0,1
136813,1,0
136815,0,1
136819,0,1
136821,1,1
136823,1,1
136825,0,1
136828,1,1
136830,0,1
136832,1,0
136836,1,0
136837,0,1
136839,0,1
136845,1,0
136846,0,1
136849,1,0
136850,1,1
136855,0,1
136857,1,0
136859,0,1
136860,0,1
136861,0,1
136864,0,1
136867,1,1
136868,1,0
136870,1,1
136871,0,1
136872,0,1
136873,0,1
136875,1,1
136880,0,1
136882,0,1
136883,1,1
136885,1,0
136886,1,0
136887,1,0
136889,0,1
136890,1,1
136892,1,0
136893,0,1
136894,0,1
136900,1,0
136901,0,1
136902,1,1
136903,1,1
136905,1,1
136906,1,1
136908,1,1
136911,0,1
136912,0,1
136913,0,1
136914,1,1
136918,1,0
136920,1,1
136921,0,1
136924,0,1
136926,0,1
136927,0,1
136928,1,0
136929,1,0
136931,0,1
136933,1,0
136935,0,1
136937,0,1
136938,1,1
136940,1,1
136942,1,1
136944,1,0
136945,1,0
136948,1,1
136950,0,1
136951,0,1
136953,1,1
136954,1,1
136955,1,1
136956,1,1
136957,1,1
136958,0,1
136960,0,1
136961,1,1
136962,0,1
136963,1,0
136964,0,1
136965,1,0
136968,1,0
136969,0,1
136971,0,1
136972,1,0
136973,1,1
136974,0,1
136975,0,1
136976,0,1
136977,1,0
136981,1,0
136982,1,0
136983,1,1
136984,1,0
136985,0,1
136993,1,1
136994,1,1
136998,0,1
136999,1,1
137001,0,1
137003,0,1
137005,1,1
137008,0,1
137009,0,1
137011,1,1
137012,1,1
137020,1,1
137021,0,1
137024,1,1
137026,1,1
137028,1,0
137029,0,1
137031,1,1
137035,0,1
137038,0,1
137039,1,1
137040,1,1
137041,0,1
137045,0,1
137047,1,1
137050,0,1
137051,0,1
137052,1,1
137056,1,0
137062,1,1
137063,1,1
137064,0,1
137067,1,1
137070,1,1
137071,0,1
137074,1,0
137076,0,1
137077,1,0
137078,1,0
137080,1,1
137085,1,1
137087,1,0
137088,1,0
137089,1,1
137090,1,1
137094,1,1
137096,0,1
137097,1,1
137098,0,1
137100,1,0
137102,1,0
137103,1,0
137109,0,1
137110,1,1
137112,1,0
137113,1,1
137115,1,1
137116,0,1
137118,1,1
137122,1,0
137124,1,0
137127,1,0
137128,1,1
137130,1,1
137131,1,1
137133,0,1
137136,1,0
137138,1,1
137141,1,1
137143,1,1
137145,0,1
137146,1,1
137153,0,1
137156,0,1
137157,1,0
137158,1,1
137159,0,1
137160,0,1
137163,1,0
137164,0,1
137165,0,1
137166,1,1
137169,1,1
137171,1,1
137173,0,1
137175,1,1
137176,1,1
137178,1,1
137180,1,0
137181,1,1
137182,1,1
137183,0,1
137185,1,0
137186,1,0
137188,1,1
137190,1,1
137191,0,1
137192,1,0
137197,1,0
137199,1,0
137200,0,1
137201,1,1
137202,0,1
137206,0,1
137207,0,1
137208,1,0
137209,1,1
137211,1,1
137216,1,1
137218,0,1
137220,1,1
137221,0,1
137223,1,0
137228,1,0
137229,0,1
137230,1,0
137231,1,1
137232,1,0
137234,0,1
137236,1,1
137239,1,1
137243,0,1
137249,1,0
137250,1,1
137253,0,1
137256,1,0
137258,1,0
137260,0,1
137261,0,1
137262,0,1
137264,1,0
137266,0,1
137267,1,1
137268,1,1
137269,0,1
137274,0,1
137275,0,1
137278,0,1
137281,0,1
137285,1,1
137286,1,0
137291,1,1
137292,1,1
137294,1,1
137296,1,1
137298,0,1
137299,0,1
137300,1,1
137302,0,1
137304,1,1
137311,0,1
137312,0,1
137313,1,0
137314,1,1
137315,0,1
137316,0,1
137318,1,1
137320,0,1
137323,0,1
137325,0,1
137326,1,1
137328,1,0
137330,1,1
137331,0,1
137336,0,1
137337,0,1
137342,1,1
137345,0,1
137347,0,1
137348,0,1
137349,1,1
137350,1,1
137351,1,1
137352,1,1
137355,1,0
137356,0,1
137357,1,0
137360,0,1
137362,0,1
137367,1,1
137370,0,1
137379,1,0
137381,1,1
137384,1,0
137387,1,0
137393,1,1
137396,1,0
137405,0,1
137406,0,1
137407,1,1
137408,1,1
137411,0,1
137412,1,0
137413,0,1
137418,0,1
137419,0,1
137420,0,1
137421,1,1
137424,0,1
137425,1,0
137426,0,1
137428,0,1
137430,1,1
137431,1,1
137432,1,1
137433,0,1
137435,1,0
137437,1,0
137439,1,0
137440,0,1
137441,0,1
137445,0,1
137449,1,0
137453,1,1
137456,0,1
137461,0,1
137462,1,1
137463,1,0
137464,0,1
137465,0,1
137466,0,1
137470,1,0
137472,0,1
137474,1,1
137475,0,1
137477,1,1
137480,1,1
137482,0,1
137484,1,0
137485,0,1
137488,0,1
137489,1,1
137492,1,0
137493,0,1
137501,1,1
137504,1,0
137505,0,1
137508,1,1
137509,1,1
137510,0,1
137512,1,1
137513,1,0
137514,1,0
137520,1,0
137521,1,1
137522,0,1
137524,0,1
137529,0,1
137535,1,0
137542,1,1
137543,1,1
137544,0,1
137547,0,1
137548,1,0
137551,1,1
137552,0,1
137553,1,1
137560,0,1
137565,0,1
137569,1,1
137570,1,0
137572,1,1
137574,0,1
137579,1,0
137580,1,0
137582,0,1
137592,1,1
137595,1,0
137599,1,0
137600,1,1
137601,0,1
137604,0,1
137605,0,1
137610,0,1
137611,1,0
137612,0,1
137613,0,1
137615,1,0
137619,1,1
137622,0,1
137631,1,1
137633,1,0
137634,0,1
137635,1,1
137636,1,1
137638,1,0
137639,0,1
137647,1,1
137661,0,1
137668,1,1
137669,0,1
137671,0,1
137673,1,0
137687,1,1
137730,1,1
137737,0,1
137740,1,0
137743,0,1
137746,1,0
137751,1,0
137752,1,1
137754,1,1
137756,0,1
137757,1,1
137758,1,1
137760,1,1
137761,1,0
137764,0,1
137767,1,1
137768,0,1
137770,1,0
137773,1,1
137776,0,1
137780,1,1
137781,0,1
137784,0,1
137786,1,0
137788,1,1
137792,1,1
137795,0,1
137799,0,1
137800,0,1
137804,0,1
137806,0,1
137809,1,1
137810,0,1
137813,1,0
137814,1,1
137817,1,1
137821,0,1
137827,0,1
137828,1,1
137829,1,0
137830,0,1
137835,0,1
137837,1,1
137840,0,1
137841,0,1
137844,1,0
137846,0,1
137847,1,0
137851,1,1
137855,0,1
137861,1,1
137862,1,0
137867,1,1
137870,0,1
137872,0,1
137878,1,1
137881,0,1
137883,1,1
137889,1,0
137892,1,0
137894,0,1
137895,0,1
137896,0,1
137905,1,0
137909,0,1
137918,1,1
137923,0,1
137945,1,0
137955,0,1
137959,1,0
137967,0,1
137980,1,0
137984,0,1
137985,0,1
137988,0,1
137992,0,1
137996,0,1
137997,0,1
137999,0,1
138017,0,1